City,State,2014_avg,2015_avg,2016_avg,2017_avg,2018_avg,2019_avg,2020_avg,2021_avg,2022_avg,2023_avg,2024_avg
New York,NY,402362,416699,435647,458805,480549,495660,514550,564338,607852,621560,638713
Los Angeles,CA,494696,516088,543868,593676,651578,661262,702113,800193,897896,898687,923457
Chicago,IL,192162,200389,211026,222481,232501,237701,245586,271834,293834,302620,307221
Dallas,TX,169951,187043,209094,230764,248263,256268,268992,314521,378230,375329,371673
Houston,TX,168793,186431,197103,204476,212859,221167,230612,262498,305275,305278,303308
Washington,DC,370565,379705,389330,403513,416829,429976,454556,504455,538908,545293,549445
Philadelphia,PA,204589,209850,217900,227387,236892,246229,263586,297167,325902,341504,348935
Miami,FL,200846,223165,245172,265504,283371,294073,310008,355446,434521,464518,479160
Atlanta,GA,164934,177744,192215,208022,226878,241342,258325,307101,367642,373378,376632
Boston,MA,369801,392932,419647,449197,476914,487356,515879,578826,630176,651293,666051
Phoenix,AZ,202542,215163,234449,250576,269848,286413,317584,396575,471401,447272,452325
San Francisco,CA,648298,740707,807458,862215,949748,949837,987054,1119241,1214506,1134785,1125517
Riverside,CA,269404,289507,306933,335888,364835,375295,399660,480885,556210,553902,567417
Detroit,MI,120976,131374,142855,156216,169492,179942,189850,215692,233911,239681,241871
Seattle,WA,325732,358004,403613,456087,507562,515188,557399,658337,744567,713872,717214
Minneapolis,MN,218322,229568,244902,262788,279718,292137,309186,345026,369949,369543,363266
San Diego,CA,455060,489168,526856,568041,598377,607060,646321,761293,880894,887806,924382
Tampa,FL,149809,163181,181635,199760,215919,227557,245769,295635,369102,374086,376751
Denver,CO,281894,321411,357919,388872,414595,431914,457589,531361,600709,583083,577830
Baltimore,MD,257717,261765,268078,276653,285422,293499,306728,339876,362871,373489,374880
St. Louis,MO,143988,149174,156570,163980,171020,177637,189393,211916,232033,241385,242893
Orlando,FL,169960,183356,200287,218466,236980,251364,266980,306333,376239,388391,392440
Charlotte,NC,165619,175295,189922,205887,222547,235482,255318,307018,366646,370018,374180
San Antonio,TX,156013,167766,179321,190776,201455,209311,221938,255609,296290,292589,283669
Portland,OR,278833,308924,352773,384008,402926,412587,437920,507005,556685,542276,537251
Sacramento,CA,305752,330053,358881,390451,417450,429860,455404,538391,594632,566659,567882
Pittsburgh,PA,129006,134768,139663,144746,151688,157713,169356,190454,200779,202854,203575
Cincinnati,OH,144756,150585,158546,167923,178283,189706,205722,235473,259982,271017,272896
Austin,TX,240550,265047,284185,298141,308120,317451,344899,455730,535014,478175,455686
Las Vegas,NV,187688,201921,215899,240586,276685,292654,303975,354297,423532,405375,414104
Kansas City,MO,147034,155780,167858,181499,195627,205632,221531,253734,281972,293219,294432
Columbus,OH,147631,158046,168072,179205,193022,206407,224361,256994,289129,300491,303664
Indianapolis,IN,134257,139628,147152,157060,169542,181244,197417,231659,266347,271563,271214
Cleveland,OH,120869,125473,132149,139236,147577,155278,164790,186952,205088,214151,216999
San Jose,CA,762473,876758,923719,968122,1203011,1165033,1203701,1367617,1549118,1480230,1524925
Nashville,TN,189428,208145,232956,258468,279883,291557,310607,362771,438727,435302,433313
Virginia Beach,VA,216063,220958,226196,232204,237850,244968,259899,291423,318884,334437,339632
Providence,RI,237848,247189,262945,282205,298743,309083,332081,384033,426133,446053,456371
Jacksonville,FL,162997,172515,186387,201631,218642,230779,245379,289267,355477,355915,353967
Milwaukee,WI,188354,193766,204748,216638,229184,241878,257932,285421,305295,327022,329452
Oklahoma City,OK,135559,141271,145108,148706,154373,160670,171046,191919,218996,228980,229491
Raleigh,NC,215942,228424,244859,260393,274451,287384,303723,359528,438897,436127,436511
Memphis,TN,118603,123423,128864,137416,148092,159402,174955,203925,236157,237580,235470
Richmond,VA,194805,201673,213094,225170,236674,248244,264496,300261,336292,352995,356266
Louisville,KY,139746,145424,153020,162343,172662,184521,196839,219773,239044,247356,247946
New Orleans,LA,191355,201558,208606,209549,212809,222870,236362,256169,269060,251329,235876
Salt Lake City,UT,244883,259907,283913,310775,339146,361463,397112,485988,554326,535704,532381
Hartford,CT,214607,215821,219066,224558,227827,229904,242080,272954,302888,328556,342525
Buffalo,NY,129999,134606,141298,150226,161104,169160,181913,209358,233322,243727,246470
Birmingham,AL,144311,148819,154501,160257,167836,178180,193240,219929,248631,251612,248009
Rochester,NY,130294,133384,142635,148200,149528,157111,169571,193183,215317,231994,234587
Grand Rapids,MI,148201,158614,173355,189408,203262,215380,231657,268539,300696,309270,310560
Tucson,AZ,170385,175826,183726,199466,209684,224864,245049,295293,342066,341062,344915
Urban Honolulu,HI,539223,570909,606438,645428,676033,677303,691787,773284,885264,864869,857263
Tulsa,OK,129027,133778,138509,144796,148249,154685,168775,193301,218704,226238,228126
Fresno,CA,190910,203709,219327,238335,259158,271384,287541,335725,382148,380243,387615
Worcester,MA,223571,232129,245134,262326,278923,288866,311174,359304,395835,419088,430424
Omaha,NE,148202,155228,164047,173998,184921,196143,212189,240097,266141,279846,280478
Bridgeport,CT,392804,398784,402790,411165,414072,411493,426551,491060,542371,575282,599619
Greenville,SC,142974,150586,160546,170588,182822,191566,205862,234614,274520,286128,286513
Albuquerque,NM,168367,172445,180475,186575,194318,207012,226341,265446,305597,318598,325270
Bakersfield,CA,171045,183587,194892,205677,218441,229275,245853,287003,328828,334506,342821
Albany,NY,197836,199957,205004,212133,222238,230371,242486,270520,295694,309606,314430
Knoxville,TN,147358,152201,159523,168455,179707,190004,208669,248896,298586,322691,332790
Baton Rouge,LA,168054,175651,180403,180214,187510,191506,197780,209824,225628,231476,229877
McAllen,TX,88525,93328,99186,102465,107438,112268,123466,141822,165453,176996,181203
New Haven,CT,209176,208987,211044,216050,221484,227227,242488,280836,314216,337851,350583
El Paso,TX,123409,125311,128199,132729,134930,138323,147272,168322,194421,208678,213210
Allentown,PA,183442,185034,190252,197366,206887,214079,230255,265004,296947,311429,319332
Oxnard,CA,488416,518007,551757,585165,611380,618144,649070,745339,829274,827278,848005
Columbia,SC,133924,135968,142498,148508,155088,162965,174327,198927,232001,241941,243767
North Port,FL,203897,224821,246351,258751,268612,274065,288498,350376,456115,461261,454750
Charleston,SC,206334,222330,239128,253981,267985,275861,290064,336496,399416,416099,426028
Greensboro,NC,125606,129283,135151,142503,152260,163790,178286,205040,232671,243054,244704
Stockton,CA,253838,280034,311305,344410,373438,387312,411088,491500,545329,523724,527287
Cape Coral,FL,175896,196356,219052,229564,235865,238602,248528,303703,396115,401325,395555
Boise City,ID,183281,195605,214683,236694,269196,302508,346550,471156,507219,464978,464371
Colorado Springs,CO,222572,236383,255924,279580,306415,326606,355390,419726,470749,456053,451705
Little Rock,AR,146527,149530,152927,154513,157914,162331,170590,189027,209012,212916,213262
Lakeland,FL,125931,136883,150110,164582,180688,194139,209421,247261,309361,312344,312602
Akron,OH,118190,121796,127912,134245,142338,150193,160752,181035,197088,206261,208235
Des Moines,IA,159028,168645,180707,191195,200971,209210,217674,238750,262110,270771,271569
Springfield,MA,196524,200781,207645,215908,225768,233023,248918,282302,310489,326418,330731
Ogden,UT,204829,217520,240717,265494,292097,318718,351865,436823,500932,485520,483587
Madison,WI,214410,223888,239821,254836,269636,281964,299800,333307,364092,385918,387892
Winston,NC,134226,137619,142462,148766,157632,168818,183446,212668,243166,253390,255656
Deltona,FL,144493,156377,172900,189785,206944,218594,233557,277727,340838,344304,342381
Syracuse,NY,121093,123782,127325,130729,136781,142956,153474,173729,192056,207750,214297
Provo,UT,238048,255603,280126,303775,332631,358389,389030,480754,551480,525244,523086
Toledo,OH,98410,104534,110718,116013,123489,129982,139690,156341,168085,175547,178192
Wichita,KS,114380,119205,123320,127479,132832,140492,153497,169779,190734,202529,202751
Durham,NC,193917,202682,215824,231350,248480,262045,280730,330260,396138,400740,403801
Augusta,GA,122255,126233,130927,134475,143538,153938,166403,190680,217667,225595,225282
Palm Bay,FL,142476,158443,177574,198274,215487,223661,239645,284805,348539,354371,353877
Jackson,MS,114821,124444,130022,133325,137595,145011,151609,169389,187119,189603,185951
Harrisburg,PA,170137,172512,177388,182515,187927,195510,207695,230953,257118,272157,275076
Spokane,WA,168657,177539,192997,213292,237196,264212,299991,368294,417392,406306,398390
Scranton,PA,119176,119468,121256,121315,129356,134532,144984,167086,181223,188709,192985
Chattanooga,TN,146992,150894,159555,170019,179137,191343,207368,242450,277676,290090,293470
Modesto,CA,215148,238698,263347,288414,311761,326073,349506,413252,457942,445860,454226
Lancaster,PA,191770,196880,203988,213498,225683,234083,247602,279975,312828,332060,338165
Portland,ME,235652,244592,260223,281004,299366,312014,340754,408042,462843,491413,496907
Youngstown,OH,82673,86281,89519,92611,97418,102466,110570,128274,141583,147615,148513
Lansing,MI,118783,124549,131930,141358,151046,159497,172236,191682,207921,215320,216260
Fayetteville,AR,150854,157628,169803,182514,192622,202955,218931,261046,311619,324756,329267
Fayetteville,NC,134630,132924,133020,136609,140803,146855,158105,180852,211218,231964,236482
Lexington,KY,153895,158545,166851,176692,187111,195297,209314,236218,264680,280192,285147
Pensacola,FL,138763,146048,154255,165281,177940,190916,210955,250070,293445,301387,300453
Santa Rosa,CA,473708,525850,573209,614961,670099,662743,676725,745186,795836,793525,789159
Reno,NV,237213,271707,306243,332630,370651,386317,408404,499566,559493,528830,532799
Huntsville,AL,166995,166931,171126,176253,184577,196327,219769,263407,304427,307345,303773
Port St. Lucie,FL,148276,166956,192574,211892,228800,238014,251425,305190,387196,394053,397405
Lafayette,LA,173796,181302,181972,178752,178229,180589,186420,189233,199017,196640,190632
Myrtle Beach,SC,168150,174398,181622,189233,199707,210101,221976,261890,321568,330938,331591
Springfield,MO,122426,126706,133116,140801,150660,160472,172819,202380,238435,246313,246815
Visalia,CA,164590,173958,188964,208600,222184,234027,249394,292362,331012,332066,335761
Killeen,TX,133747,137552,142148,146848,155689,164755,178099,212489,258079,257118,251680
Asheville,NC,196387,210824,228052,248046,265829,275114,294899,346109,399749,413515,417814
York,PA,158378,161631,168460,174962,181796,190667,203254,228493,253394,268133,272795
Vallejo,CA,306821,339584,374556,409281,443095,452705,476516,550435,599723,577607,581453
Santa Maria,CA,491393,529485,566648,589614,609800,616950,652563,770571,911032,930977,959794
Salinas,CA,412761,446505,489053,527678,559162,580200,620572,725307,804492,803084,817089
Salem,OR,188568,206802,233734,262562,292707,312256,335668,396315,439297,435397,433589
Mobile,AL,104454,106420,111837,116675,122060,129911,141121,158549,176514,183295,183361
Reading,PA,154184,156295,161362,168236,176676,184583,200101,225679,253937,269233,275570
Corpus Christi,TX,136963,149497,158260,163428,166801,173811,184335,201711,218845,218337,214350
Brownsville,TX,108923,114021,115869,119788,120736,118210,128552,152202,174415,186001,187483
Manchester,NH,226238,237288,250715,268358,284389,296780,323090,375943,424374,452545,463511
Fort Wayne,IN,112302,116159,123195,130804,140299,151495,164602,188759,212703,226339,230419
Gulfport,MS,114544,122927,130728,136675,142692,148834,158775,180603,201782,204393,204834
Salisbury,MD,237021,243766,248580,258379,265997,276277,293146,349516,396399,407604,407335
Flint,MI,71999,79563,88732,99190,110339,120504,131391,154011,166611,170167,172237
Peoria,IL,112509,113023,113659,111972,111666,110741,114204,124195,135573,139690,141840
Canton,OH,107811,112473,119113,123751,130940,138197,148757,165780,180225,188741,190652
Savannah,GA,164986,171747,178450,183076,193490,203335,215494,245955,292341,317867,329201
Anchorage,AK,272670,284827,291082,291203,293209,316056,322204,336466,358481,368242,367532
Beaumont,TX,116635,119786,121490,126684,135640,148179,157247,165590,171698,165299,158880
Shreveport,LA,144201,146101,148452,144282,144102,152160,160903,160916,166001,162635,162492
Trenton,NJ,235692,238536,245438,250634,260106,268539,284520,320142,356066,386512,403055
Montgomery,AL,128037,129162,130557,131400,133995,140901,147865,162713,181591,187580,187445
Davenport,IA,125294,127301,129654,131588,136006,141290,147248,157538,167708,170752,169892
Tallahassee,FL,148565,153440,162187,170509,179697,190081,205147,229646,257826,269441,273011
Eugene,OR,211758,225229,246509,269215,291705,309422,338430,399540,443800,444699,439601
Naples,FL,280019,315799,343552,345266,348935,352695,361490,439976,588663,604789,610640
Ann Arbor,MI,230041,244797,260117,276444,295121,309921,319532,346703,373288,384280,383026
Ocala,FL,110600,119433,130843,143126,155936,165758,178067,213317,271949,278236,276604
Hickory,NC,111269,115534,123442,130685,140189,152145,168614,197395,227378,239730,241739
Huntington,WV,101172,104774,105299,105809,109100,111894,117294,129868,138962,139358,137764
Fort Collins,CO,278031,312460,347423,376466,397969,415441,432249,491266,559091,550545,544337
Rockford,IL,88993,92249,100425,108361,116288,122865,128607,145876,162497,173293,179760
Lincoln,NE,156441,163576,174691,184685,194829,204167,215944,244272,270486,280038,278918
Gainesville,FL,145511,152262,162356,175772,188075,197109,213775,245411,282506,294693,297392
Boulder,CO,376414,420963,477822,515583,536530,553920,582086,667705,767551,743014,730727
Green Bay,WI,148390,154487,163476,174884,186335,197841,212144,241602,267991,287473,291462
Columbus,GA,113157,111885,113501,114712,120678,127185,137553,155695,172732,179584,182357
South Bend,IN,105312,108050,116015,123527,133092,142295,153649,175332,196911,207361,208561
Spartanburg,SC,122282,128817,134961,144213,155011,166343,180940,209279,247050,254418,258390
Greeley,CO,227424,264659,295516,326670,354328,372467,392953,450983,511007,495520,488887
Lubbock,TX,131103,130322,134662,148128,157503,151087,159651,179305,203596,206927,204026
Clarksville,TN,144161,144096,147478,151390,158979,168071,184790,215123,254536,263701,265765
Roanoke,VA,155399,157368,160631,165909,171069,180733,195990,222056,248974,262835,265627
Evansville,IN,115718,119160,125054,130791,137272,143001,153133,172836,190375,198857,201487
Kingsport,TN,115902,118168,122241,128007,132313,144165,152481,171982,198532,213449,221125
Kennewick,WA,189968,200305,219014,243404,270312,299446,324343,370459,421014,421804,421644
Utica,NY,105767,108542,111659,116819,125220,130792,141919,162663,180946,187848,190884
Hagerstown,MD,170693,174070,177568,184986,194503,204335,217629,252218,281391,290019,293428
Duluth,MN,135486,139552,143251,149578,156645,165295,177466,202012,221485,230515,227233
Olympia,WA,231282,244357,265896,290437,316902,338153,380106,460454,511303,499818,502315
Longview,TX,131403,134555,138701,139093,147657,161588,166986,178080,202225,210382,205467
Wilmington,NC,202126,211289,222994,236059,249274,262373,281096,328689,387574,412330,420189
San Luis Obispo,CA,468570,496612,535160,587284,616827,624741,652777,743743,845196,860441,870435
Crestview,FL,217259,229307,239601,253930,271232,285831,309774,370626,442105,445842,439396
Merced,CA,179647,197931,217812,242675,263955,282335,300703,357635,407315,394175,401362
Waco,TX,111973,119230,127221,139817,152854,163106,177246,210627,250625,253248,249506
Cedar Rapids,IA,141405,145669,147574,151824,157801,165265,171560,186763,204688,212653,211887
Atlantic City,NJ,192807,190342,182017,179751,189107,204241,222115,265155,301859,327171,339538
Bremerton,WA,254778,273393,306474,340427,367005,390140,433599,517835,566135,542654,537784
Sioux Falls,SD,174936,184806,193672,203212,214564,227438,240855,273565,312000,320131,320555
Santa Cruz,CA,606108,677409,737812,792328,850258,844063,883132,1057365,1197598,1147408,1144195
Erie,PA,119353,119396,122943,125949,127931,131647,139212,156489,172002,182179,185653
Norwich,CT,214632,217868,220957,230081,237251,240549,255084,297278,328301,352599,363990
Amarillo,TX,121981,126088,131285,135923,140292,144651,151994,171900,195650,201539,202537
Laredo,TX,133992,142362,148517,151969,157543,164128,174510,190012,202252,208256,200827
Tuscaloosa,AL,136076,142057,144279,143917,149857,159672,170417,188070,206313,213274,209831
College Station,TX,169888,185257,201913,215793,224673,224598,231764,251081,279340,291549,291938
Kalamazoo,MI,137221,145022,153225,160261,172859,183442,197338,223391,243592,250670,250954
Lynchburg,VA,152432,155831,160469,166140,172551,180320,192442,217997,243869,260541,262746
Charleston,WV,96350,96918,98224,99343,100026,102408,105761,117468,127722,134233,134238
Yakima,WA,154394,160677,173238,188733,206034,228789,260065,301755,325887,326982,326572
Fargo,ND,191140,210082,226801,233648,235282,244004,251981,266578,288126,294562,289581
Binghamton,NY,105664,105273,106036,106716,112375,117565,123725,139474,153101,162894,167614
Fort Smith,AR,108730,111113,115879,118092,122571,129505,138408,155998,174818,179170,177283
Appleton,WI,159383,164221,171649,183995,195166,207889,221528,248656,274728,298296,301019
Topeka,KS,108387,110069,112497,116813,123099,130293,141491,160020,180272,191765,192440
Macon,GA,94286,96344,99068,99973,107386,118527,126625,145029,168101,176287,176181
Tyler,TX,141869,148771,155572,163626,172282,177461,191002,217587,251605,267846,266259
Barnstable Town,MA,359226,370379,383586,404165,426183,435292,457490,562450,655099,686091,695906
Daphne,AL,187914,199223,210390,219452,231633,245314,265726,313483,359794,372822,369950
Bellingham,WA,266823,283481,310157,343645,380190,405792,445944,531498,596387,584644,578824
Burlington,VT,267629,274878,280358,293972,305961,313964,336077,379903,425851,450214,450023
Rochester,MN,171861,178919,192881,209253,223216,234390,247930,278192,305623,309360,306589
Lafayette,IN,128556,132964,140469,149750,158807,170309,185035,210632,233942,244517,250978
Champaign,IL,141502,143725,147890,151588,153569,158297,160191,173645,188897,195001,195444
Medford,OR,228788,247971,271861,297721,318184,325834,344141,403822,436360,424372,418120
Charlottesville,VA,255397,261455,272875,285555,299743,310919,327452,367846,407136,419678,422937
Lake Charles,LA,167405,181187,191054,195566,201204,204039,208355,203284,204744,192010,181276
Las Cruces,NM,163286,162653,163703,165703,172632,177448,189738,217940,254589,274619,275078
Chico,CA,229616,244412,261798,282828,302242,336052,352905,394806,422521,399929,390192
Hilton Head Island,SC,253177,268622,284462,292144,301286,311200,325053,383668,470780,499924,511068
Athens,GA,151276,156340,164218,175091,190896,208309,230475,271924,312926,326932,333465
Lake Havasu City,AZ,157219,170897,182546,194518,214194,234815,257732,322106,367896,353859,352356
Columbia,MO,163806,169269,175323,185656,189431,197036,210642,242025,275707,284667,284345
Springfield,IL,132157,132684,134510,135866,135633,139860,145556,150300,159015,166937,167769
Houma,LA,168802,181717,183186,176841,173337,179976,192350,189497,180721,175040,172352
Monroe,LA,111737,120538,125735,124971,125974,127753,130960,137257,149964,149252,146222
Elkhart,IN,119623,125720,134563,144097,155121,165218,175967,201185,227467,234274,234523
Johnson City,TN,128644,132597,137560,142644,147974,157315,170662,198592,228598,245265,251674
Yuma,AZ,128789,134438,139827,146300,155994,166288,181927,219843,262869,267395,271097
Gainesville,GA,164389,176826,191167,205007,218354,231600,248769,297192,357351,367576,373181
Jacksonville,NC,155731,150776,147140,150063,158162,171147,182929,206804,242935,262986,267165
Florence,SC,109398,110380,114121,115324,119920,125284,131633,149334,167834,171976,172185
Hilo,HI,292012,313025,332432,348843,361665,371802,390936,451433,548483,548374,542065
St. Cloud,MN,164415,170573,179133,190032,199298,208886,223026,251982,280761,288702,288348
Racine,WI,139504,143581,150646,161117,175550,187383,199185,225808,244494,257743,259520
Bend,OR,282097,317220,352147,382075,412274,428748,465595,604722,683061,658074,658941
Saginaw,MI,75682,78514,78812,85516,91517,100014,110282,127330,141539,150693,151880
Warner Robins,GA,129604,131167,134076,137557,145713,154205,163691,182819,213014,228058,232072
Terre Haute,IN,87429,86522,88317,91037,97609,103553,111932,125613,138035,146173,145404
Torrington,CT,217480,219733,223035,228974,233735,235206,249832,299314,334436,358427,372404
Punta Gorda,FL,148432,164955,184051,196226,208489,217944,230781,283816,367440,365283,355379
Billings,MT,222696,238892,239858,243938,251915,264030,278913,319170,368932,384635,385407
Redding,CA,206926,220333,231568,247395,261666,277350,294961,343856,375000,365995,362462
Kingston,NY,191870,195581,200055,210170,224118,233593,256088,320074,363012,380031,390747
Panama City,FL,163939,173828,183217,192019,209029,216391,241811,282859,345270,355746,352768
Joplin,MO,103983,111747,117067,121082,128294,138701,148527,169189,195531,204586,206293
Dover,DE,186768,194901,202629,208457,216495,228014,244285,282682,317767,333615,340428
El Centro,CA,165445,182424,198490,212391,222512,239438,255922,285310,309069,320859,329312
Jackson,TN,102382,104926,108082,111971,117479,127435,139900,162343,187692,190922,186866
Yuba City,CA,196818,213363,234268,262320,285031,301124,326278,387220,429350,415205,417037
Bowling Green,KY,123533,130183,138577,148024,156743,164064,176257,200175,227327,239100,240910
St. George,UT,223631,241067,259117,283053,314682,336519,365297,467107,543485,523320,520402
Muskegon,MI,92982,99277,109776,122431,134912,146275,161600,191674,215786,218487,219413
Abilene,TX,113696,119011,125306,128657,136500,140303,148023,165881,183966,188051,185523
Iowa City,IA,185923,192893,198985,206276,214643,222470,229190,243352,266156,276933,276334
Auburn,AL,172397,176236,185033,196154,206907,219586,232896,258551,284410,299054,302382
Midland,TX,216303,223527,214398,216227,240924,272451,281851,277235,283373,287424,292880
Bloomington,IL,168226,167356,169194,168450,168782,167884,173608,186207,209981,219988,222737
Hattiesburg,MS,131735,138472,141716,142177,149989,154436,161552,176676,189252,193835,193010
Oshkosh,WI,144270,148854,156876,166559,176744,186855,201010,225656,246874,260474,260512
Eau Claire,WI,153447,159695,168026,178682,190174,202336,218993,249013,274435,288476,289668
Greenville,NC,126788,127504,129608,134516,140218,147801,158788,184042,216738,233228,236885
Burlington,NC,131269,138015,144640,152455,162012,170311,182943,213705,257354,273130,275492
Waterloo,IA,129171,132436,133470,133395,137091,143529,148623,157152,172085,181246,181373
Coeur d'Alene,ID,204155,220058,238145,263162,294118,326428,375078,498899,558786,554488,538512
East Stroudsburg,PA,141583,139243,139996,145758,156673,171058,185293,237685,281138,286245,288307
Pueblo,CO,123399,131222,144061,157751,175636,192341,216073,264091,299141,292627,283872
Blacksburg,VA,158265,160535,165261,169566,177347,186632,201618,227379,250343,259048,257487
Wausau,WI,131169,134866,140572,146696,155746,167090,178459,192268,206014,223557,223443
Kahului,HI,505019,546402,576629,607318,639218,665200,707707,807649,989874,1011590,1021162
Janesville,WI,121019,126888,135674,147545,159134,169983,183053,208859,227692,243338,245599
Tupelo,MS,118818,123982,131411,132842,130570,133717,140200,157274,169612,167502,165919
Bloomington,IN,150509,155331,163075,172791,185006,198583,216402,247262,274140,280796,279135
Odessa,TX,145171,160962,161016,159480,171138,201327,219870,216202,212927,214003,219187
Jackson,MI,102127,112782,120404,128774,138971,148333,160673,181027,193550,196798,198489
State College,PA,200791,209177,215926,225314,236106,250196,263958,284444,303859,317414,317633
Sebastian,FL,155303,170948,189752,209216,226128,235458,247137,292397,367624,375438,374591
Madera,CA,190894,204836,217054,237193,261635,275292,294752,349607,395231,393498,398794
Decatur,AL,127665,128184,132516,137943,143504,154843,169342,194202,212781,217889,215803
Chambersburg,PA,158472,161756,165954,173473,180364,190140,203590,228324,247696,258145,259930
Vineland,NJ,143553,144205,146654,146985,144771,150918,163465,192010,215971,234000,237071
Idaho Falls,ID,155798,162613,178449,194619,215524,238603,276202,364208,410612,386062,381282
Grand Junction,CO,194385,202741,213853,227587,247643,267111,289422,338029,381448,388612,389417
Elizabethtown,KY,122784,122548,125547,132913,140466,147592,160188,183155,206526,214984,214564
Niles,MI,138324,143940,147215,154179,161745,169426,182100,209550,234628,241709,242198
Monroe,MI,139447,151522,158814,166453,173695,180935,190841,210555,226269,232958,234931
Santa Fe,NM,285013,292533,299977,324620,338454,374333,407946,472256,526964,536185,536503
Concord,NH,209293,217052,224669,239740,255725,266732,290694,346189,396168,419628,429587
Alexandria,LA,125632,129496,136475,136385,140994,142833,149218,150666,156655,159901,150680
Traverse City,MI,184640,197039,206695,219988,233963,243364,260239,314331,357649,375902,376474
Bangor,ME,135313,136491,138164,142736,151914,156437,170349,203697,232757,247491,248521
Homosassa Springs,FL,108313,116626,129571,142347,157881,165466,179512,222507,275538,280388,278344
Hanford,CA,166037,176823,191451,210524,223829,235115,251341,292871,328469,332564,340162
Jefferson City,MO,134558,138401,145239,151993,163090,169001,179083,202628,224978,232718,235096
Florence,AL,118891,120329,125932,128210,131084,135426,145720,167234,187703,195123,196070
Dothan,AL,116020,118494,122582,124610,125525,131539,139587,151777,168521,173118,171845
London,KY,78829,81550,85865,89358,93278,95596,103774,117482,131735,136696,131521
Albany,GA,89843,90199,89283,87389,93769,98107,106107,120129,139715,146739,149502
Sioux City,IA,111028,118635,125780,132425,138906,147915,157340,172732,189972,197776,197387
Wichita Falls,TX,92948,92408,93458,96022,102061,107325,117357,137835,158998,160310,159704
Texarkana,TX,110355,113221,117889,118770,125510,130308,139498,157370,172152,168564,166623
Valdosta,GA,118139,117876,117677,117283,122729,129757,138621,158568,182190,192363,194009
Logan,UT,187719,196300,213858,232657,256324,280069,310795,389702,454653,445784,435226
Flagstaff,AZ,275319,297525,318541,345481,364092,383017,413591,513061,611925,608882,614113
Rocky Mount,NC,98301,99253,100586,105028,110389,115902,127719,149926,175089,185253,188931
Pottsville,PA,71190,72354,72970,74682,78991,81910,90964,109683,120266,125871,129097
Dalton,GA,107746,113207,119626,129209,138338,148399,159716,185952,211868,220043,225277
Lebanon,PA,171718,167946,171069,176107,183813,193406,206192,230038,256475,271153,273646
Morristown,TN,125085,129524,137677,145526,154082,170913,182656,207928,242403,256518,261133
Winchester,VA,201265,210287,219679,231112,240501,250948,265551,305148,340554,349449,352139
Wheeling,WV,94835,101661,102667,102990,109106,111778,119518,129774,134964,132909,131487
Morgantown,WV,163143,173525,175852,177176,180722,181397,187873,205081,215475,220629,220361
La Crosse,WI,160835,166171,174664,183789,192915,202681,215487,240175,264523,279006,278289
Napa,CA,510882,564852,619219,660676,695573,710815,738035,835240,902935,900363,891505
Rapid City,SD,181799,188619,196077,204341,214085,226384,244696,285471,336812,343806,341931
Sumter,SC,114161,115875,117711,119228,126111,139679,148418,159411,172647,178589,177260
Eureka,CA,293345,305157,329505,358349,373237,392028,402920,441135,475482,455651,436723
Springfield,OH,90437,92078,96377,102061,108612,115910,126883,145697,162088,172047,174980
Harrisonburg,VA,191114,198275,204384,210075,216956,224778,241196,270774,294835,312855,314155
Battle Creek,MI,81041,86323,92700,99774,103181,115924,125878,148306,161402,165087,166814
Sherman,TX,118605,129243,142265,159099,177616,186726,199515,235877,277150,280566,276371
Manhattan,KS,162007,168855,171331,178093,181637,185063,192329,208125,225216,232710,232100
Carbondale,IL,98416,101730,103238,105325,105701,111262,114368,120697,129287,129774,127779
Johnstown,PA,86915,86674,85127,85052,89056,96220,103325,109692,114812,108340,96782
Jonesboro,AR,116949,118757,122770,126249,131657,137732,145729,162336,179833,186455,185982
Bismarck,ND,247807,267380,264656,262534,262134,264583,270618,288844,312752,322479,322004
Hammond,LA,158798,174783,181938,179816,176539,181243,190553,207849,223597,212263,201657
Pittsfield,MA,199993,202452,207360,211875,220152,227245,243647,287076,328165,348620,351532
Mount Vernon,WA,240574,258660,290252,321167,354310,377875,418584,503028,557925,547374,548331
Jamestown,NY,84860,86061,89557,91911,95045,100051,109860,129062,148313,153610,154584
The Villages,FL,239075,254252,251613,255766,268869,284776,297385,326397,409949,407041,398394
Albany,OR,165447,178253,198221,223180,250495,269461,293355,349209,392296,392656,392845
Glens Falls,NY,167430,171037,174944,179961,186213,191638,202590,231105,256708,269068,271946
Lawton,OK,105589,100768,98240,96542,95837,97027,101288,115522,127718,130883,132408
Cleveland,TN,132184,138604,146783,155412,165786,175414,192343,227064,261631,272876,277949
Sierra Vista,AZ,149918,147491,148482,153534,160722,177233,194171,219005,247831,247176,249632
Ames,IA,158025,167544,174430,182213,187747,190961,198966,215570,236813,245640,239064
Mansfield,OH,80663,84105,89211,94205,102083,110485,120888,141529,157519,163961,167355
Staunton,VA,176860,184687,188976,195851,204195,218630,234344,259788,288269,293390,295639
Augusta,ME,138244,141749,145935,152879,161532,170532,189239,234734,268372,290108,295633
Altoona,PA,129637,133070,138429,145646,143554,146301,157671,164684,166028,165863,163906
New Bern,NC,134546,132952,136565,141474,147661,154431,165771,188932,218857,236540,241543
Farmington,NM,160173,166893,166292,170885,173853,180525,184917,194569,215257,225629,228971
St. Joseph,MO,115302,115253,118904,121534,126150,132898,143182,161143,173294,177282,176595
San Angelo,TX,122186,135753,142632,143916,147997,165067,178168,201989,216283,221604,219599
Wenatchee,WA,234240,253252,272496,294139,321165,351319,386516,452110,496436,489277,482584
Owensboro,KY,99682,103489,106695,112345,124194,130946,140188,156297,174621,182232,183670
Holland,MI,147922,158107,170125,185421,198512,208350,223969,261493,287743,294114,296711
Lumberton,NC,74807,76914,74254,72863,77973,80438,88004,104666,120531,128239,127040
Lawrence,KS,168855,171958,180688,189601,200353,209820,224573,256323,282901,296750,296725
Goldsboro,NC,101510,104386,109336,114071,118744,122415,131895,142188,160526,168383,168878
Watertown,NY,141497,140536,139302,138569,142731,146705,153594,169253,187285,194230,196320
Sheboygan,WI,136592,143143,151698,161403,174408,183949,198495,222307,241409,261050,265126
Weirton,WV,70133,76068,77209,80180,84623,88850,96201,110175,118893,120802,119383
Missoula,MT,249743,261261,274799,293651,308690,322968,354847,458318,536594,538868,544366
Bozeman,MT,290132,316723,349725,385736,423543,446575,491240,615994,698373,681966,700398
Anniston,AL,140251,110117,108814,109061,114553,122719,129633,144645,153494,154923,151323
Beckley,WV,72809,81000,82976,81353,82580,84415,89920,101769,115621,123187,125562
Williamsport,PA,148978,153318,156798,159399,161487,166440,176022,190119,205486,213150,213309
Brunswick,GA,144916,151505,157013,164759,179091,189773,201918,231866,272324,286454,289140
California,MD,284504,284561,283817,293600,300652,310355,328777,366463,388356,395264,392712
Twin Falls,ID,148908,156378,168721,182860,199265,219742,245322,317943,372499,357350,353383
Cookeville,TN,129335,133035,141969,150367,162010,175901,192582,226897,264505,271682,270109
Muncie,IN,76904,77791,80976,85414,91302,94533,103232,120759,135712,143796,145104
Michigan City,IN,123459,127624,129930,134894,144439,154202,164290,189705,212592,223542,223309
Roseburg,OR,157285,167494,179179,194272,211365,223383,245171,292791,329653,329866,327897
Lewiston,ME,137715,140830,147224,159363,171147,181115,201892,242259,277360,298082,306274
Longview,WA,167856,182086,203410,228525,251803,274984,306971,363666,399192,397482,396066
Ogdensburg,NY,85251,84821,87104,87829,90152,94007,98315,112503,124721,127181,128066
Kankakee,IL,124608,126414,127651,131573,137399,145158,152942,167998,182735,190534,192715
Bluefield,WV,81840,84290,85225,84547,85131,86730,91486,105318,120319,128270,129213
Show Low,AZ,164119,174791,184577,196761,210376,229122,254370,327168,380855,374342,378008
Richmond,KY,123141,129043,135156,145465,154242,158785,173140,195395,214955,222626,225127
Tullahoma,TN,122725,130533,140442,150748,161229,177539,193657,233151,273736,282738,282476
Whitewater,WI,184219,191487,199907,214008,227664,242869,261542,303182,330796,349338,346965
Ithaca,NY,193190,203249,209535,219111,225717,226588,237785,263649,296034,311129,314457
Grand Forks,ND,177091,190367,201817,204770,206052,207858,213071,224592,239207,242090,238530
Decatur,IL,78513,78279,78520,77045,77460,82481,84306,92191,95357,100416,102447
LaGrange,GA,91287,93337,95500,98207,109135,116072,123368,142330,166979,176010,177991
Bay City,MI,91518,92621,95536,97631,101828,110491,121032,134940,146152,155168,158486
Fond du Lac,WI,140854,142446,144959,150676,160345,170179,180422,203294,227023,242231,245776
Gettysburg,PA,186638,188997,195661,204253,210973,217275,230627,257873,280736,291314,293894
Gadsden,AL,98877,99660,102193,107161,111757,121250,133666,150914,166185,164391,163906
Kalispell,MT,249761,266522,284451,301608,321057,341001,376406,512455,647657,614441,621046
Danville,VA,89583,87853,90590,91022,91922,96823,103216,117834,136595,143752,146815
Mankato,MN,169785,174877,185745,195781,205712,216602,227482,249414,275615,284192,280804
Lima,OH,92548,95547,99528,104194,110564,116962,126665,145265,159525,165358,165991
Salem,OH,84098,88041,90504,92899,99861,106211,112307,124303,135728,141116,140167
Truckee,CA,359238,386405,412777,445846,479781,485910,508861,616976,661613,624340,611716
Sebring,FL,88636,97698,109856,121197,131684,141684,152479,183089,224802,236307,240624
Cheyenne,WY,222026,238579,249489,261156,272466,293739,322288,339006,357696,360140,356263
Hot Springs,AR,128318,130180,133169,136063,142541,149200,161862,194690,227284,236089,236443
Adrian,MI,111724,117196,125992,138049,147611,155300,166206,188612,209681,212392,214119
Shelby,NC,87613,91805,96832,100510,107612,121295,134388,158618,178274,191965,183574
Dubuque,IA,155582,159323,164318,169422,174555,183598,194342,211703,234098,242365,240946
Meridian,MS,108113,110641,108535,101833,101425,103150,105025,117592,127727,121219,116536
Pinehurst,NC,201109,205941,212968,222257,232810,241469,261559,312808,374820,392615,396402
Paducah,KY,88378,91535,95531,95903,100075,104919,112659,120660,132219,141963,138953
Victoria,TX,142781,152749,155307,150278,153364,163242,171618,188383,208910,212099,208829
Rome,GA,101124,105468,111065,113765,123721,139140,152536,178013,206857,211572,213019
Sevierville,TN,156891,165827,179368,194895,213523,233301,264789,341674,422715,412104,402200
Moses Lake,WA,161852,166816,175671,184123,203002,222797,247688,301980,345307,346419,346290
Ashtabula,OH,94334,92636,95907,98583,103787,109939,119855,141007,157650,161567,161695
Cape Girardeau,MO,129697,136736,141919,146871,152174,155717,165107,185476,207420,209883,209301
Albertville,AL,122292,123498,128448,129157,137112,149188,163241,188260,214179,216096,215314
Fairbanks,AK,219179,224398,233425,243878,251487,266721,276744,285691,298877,294087,291242
Brainerd,MN,174228,186239,193537,199130,207333,217517,233620,273632,314557,325976,320524
Cumberland,MD,102436,103562,103597,103736,106650,113922,120100,135923,147350,149915,148717
Ocean City,NJ,367819,368822,378852,390838,406466,424160,459605,568225,660655,679634,689184
Corvallis,OR,272429,288680,311426,334293,361146,378797,401740,456787,514909,527611,524732
Pocatello,ID,144564,145782,154457,161726,176733,199353,227101,285180,329303,330249,331459
Corning,NY,99937,99302,100320,103395,108892,113017,120419,133403,148658,152314,150715
New Philadelphia,OH,108201,114075,121703,125337,129120,137211,149268,168037,183629,185553,186813
Sunbury,PA,98214,102453,103872,103025,111512,115177,126680,133405,132817,135696,130282
Ukiah,CA,349827,370281,400936,441766,464919,489172,509672,575412,572719,520254,488516
Hermiston,OR,146829,151967,158672,168326,183789,198471,219002,259955,295779,294628,291462
Clarksburg,WV,98571,105480,110151,114419,119604,120891,126917,139872,146734,149575,147516
Parkersburg,WV,100318,107183,106852,108029,113331,118902,124145,137662,150125,155256,154630
Beaver Dam,WI,149417,153579,160325,167359,177941,190687,204990,231424,249015,266086,266273
Pine Bluff,AR,62594,64896,70073,73688,74001,77970,84134,94095,98253,98356,95315
Grants Pass,OR,202647,217138,238587,263956,288011,294128,316921,378165,404776,394075,388716
Cullman,AL,133338,140180,149181,153124,158775,166286,179300,206144,233255,233649,227499
Lufkin,TX,112007,113895,117071,120010,122514,135913,148191,168565,185315,188538,181060
Zanesville,OH,91117,95425,101386,107259,113219,122041,131463,150751,167674,174488,178382
New Castle,PA,90199,91855,95218,97395,102077,106289,114839,128629,142546,145567,146584
Oak Harbor,WA,275443,294833,331469,365213,395404,412138,454007,557129,614298,595535,582638
Orangeburg,SC,87473,86933,92389,95101,100849,105210,114644,136523,144322,140509,140410
Watertown,WI,173422,178599,186787,198333,210391,224432,240923,270023,292168,309656,310123
Meadville,PA,93328,97280,98917,104398,111702,112792,120912,138309,147391,152576,141734
Elmira,NY,98194,97036,98306,99264,104081,107311,113096,126467,137940,143490,142770
Great Falls,MT,169205,174990,180586,185356,193605,202096,213258,246600,287681,304161,310570
Laurel,MS,102282,111733,111469,110792,113116,117078,122359,135677,143605,140093,134819
Russellville,AR,114267,119449,126591,130414,135370,137979,146561,161067,174064,178472,175736
Indiana,PA,105262,108484,111072,115178,114292,117841,123972,134113,141784,146307,148239
Midland,MI,123021,128890,132119,134852,139060,150872,161759,182438,199560,209278,207907
Kokomo,IN,83316,87851,93040,98635,106676,114036,122356,139009,154704,160247,161941
Bloomsburg,PA,164572,165832,171105,172502,177202,186606,199656,214560,223562,229647,226334
Opelousas,LA,115136,125950,125335,125157,121325,130705,129119,129021,129982,130303,119661
Helena,MT,215234,226757,239394,251055,264597,280166,304824,376156,440463,444167,448078
Key West,FL,447886,477751,522423,550051,568822,583157,623109,749545,966045,992919,999758
Talladega,AL,105349,105197,110160,113869,122683,128483,143097,168117,181655,181362,180356
Stillwater,OK,130841,137758,143111,145760,152302,159014,168299,185754,203370,209351,211164
Columbus,IN,139149,144112,149378,153934,162261,174070,186513,208937,232611,245605,248818
Athens,TX,144323,149511,156362,167276,180210,184751,199547,245806,279198,273181,264831
Centralia,WA,163510,173239,189715,210948,238454,264180,304511,378671,423103,416999,417270
Manitowoc,WI,118318,120304,124223,127049,132792,144517,156750,177861,196080,211310,216364
Hinesville,GA,131504,131867,130441,129538,136196,143688,152886,172220,208105,226518,233618
DuBois,PA,87482,90908,92072,106634,106583,106741,113752,127905,124125,121283,112299
Warsaw,IN,142443,149438,154827,161780,173016,185082,197697,225022,251854,261476,259674
Plattsburgh,NY,123916,125574,128036,133416,138511,146301,155548,172335,191779,198410,199891
Statesboro,GA,126081,129010,132193,137620,145327,150711,160476,182955,216332,237863,250591
Casper,WY,200250,213538,209667,200452,199790,210256,222813,242121,264268,277084,280243
Wilson,NC,104420,103747,104504,108921,115102,120432,129454,153830,184945,200108,200995
Glenwood Springs,CO,410391,449953,475427,500713,530733,546231,576058,707583,834382,861216,882045
Seneca,SC,139448,144127,147841,151755,157351,167137,182998,218785,251474,258747,259365
Minot,ND,247881,247401,231078,217248,195751,189833,192756,203986,218360,235032,230891
Olean,NY,81747,81099,83408,85695,88389,92110,98332,116679,135899,139506,139840
Chillicothe,OH,108060,112905,119038,118877,124754,134013,147104,166805,180859,188204,190488
Searcy,AR,119733,123515,127473,128714,129820,132421,138961,157276,173009,185035,184691
Grand Island,NE,131702,138394,145465,151027,158731,167822,178336,201321,225102,230296,230781
Port Angeles,WA,210718,223290,243529,269862,299702,325066,354005,426449,485613,475902,475227
Auburn,NY,117907,120400,122252,126509,131640,134829,145577,166141,180893,190623,193911
Huntsville,TX,148930,158295,168138,174322,185706,197110,211277,240224,273230,264872,256068
Keene,NH,169233,175288,178502,186498,197657,207050,226070,269503,312578,335893,338239
Heber,UT,402277,452242,496231,544267,595956,633493,701959,896639,1080031,1049176,1060968
Quincy,IL,117568,120240,126821,131411,129393,134735,139750,147801,160757,166610,160751
Sandusky,OH,123320,125650,127539,132530,138347,145994,156731,178173,196150,205084,207992
Findlay,OH,127596,134106,141005,147382,154729,159727,172227,191056,207580,215009,219045
Frankfort,KY,120780,125596,130622,134739,140245,142712,158377,181523,201848,211053,213526
Danville,IL,62900,63860,66019,65686,65101,66368,67756,73609,78361,84222,81737
Aberdeen,WA,127807,132999,146141,162728,185505,208329,237299,294645,326327,317911,312051
Portsmouth,OH,81597,82473,81141,85831,85709,91958,95831,106406,116409,119462,120709
Somerset,PA,107316,106175,105415,106357,109427,113274,122082,141950,157813,160597,156833
Wisconsin Rapids,WI,116996,118267,121149,127413,136845,146834,156645,166947,182577,196354,196340
Jefferson,GA,161712,175288,187731,203546,221751,238370,256966,309150,370567,374877,381136
Kapaa,HI,465357,504818,528827,554849,589084,613123,657579,749829,887605,934813,949221
Palatka,FL,81502,85907,91639,100257,111876,127552,144752,175471,203035,203318,202746
Gallup,NM,147605,150662,145728,140899,149968,160177,172982,188255,193535,193944,194676
Hobbs,NM,188409,192529,186314,183915,190749,203016,212400,207184,186485,171245,161901
Shawnee,OK,89315,93491,95568,97971,101424,107561,122786,141679,160776,167799,170168
Mount Airy,NC,109904,113118,116358,119374,125969,132251,143415,171649,199445,205407,203987
Stevens Point,WI,156729,162834,171694,180651,190301,203084,216767,235790,250415,267467,263903
Greeneville,TN,98949,109085,114586,120147,125615,137523,147854,177355,200686,210990,215132
Greenwood,SC,83566,88556,93845,93871,98900,106690,116757,133885,150482,157050,154976
Lake City,FL,112227,116580,123441,132300,145126,152092,170159,202033,243022,247631,250928
Klamath Falls,OR,130592,138037,147895,155598,170801,182014,199176,242441,275177,280772,280548
Morehead City,NC,231164,235472,246798,254993,265153,275445,293277,351920,416950,439133,442872
Clearlake,CA,166051,183843,206240,229046,250982,264463,276189,319456,344291,323359,311200
Alamogordo,NM,120685,127170,120295,123092,128360,133963,144599,164985,193381,205433,205653
Roanoke Rapids,NC,58409,59745,59950,61053,64841,67072,72790,85952,95721,95600,91111
Farmington,MO,87701,96945,108968,111490,116453,121832,131261,152294,170171,174606,175232
Muskogee,OK,76201,78340,84723,83597,86123,91017,100350,117058,132884,137192,137980
Marion,IN,75367,77583,80325,81954,87394,92749,97835,112827,125139,127414,129195
Faribault,MN,179209,185612,199999,216035,232545,244365,261108,291508,318472,324210,322013
Richmond,IN,88934,87371,91449,95924,100871,105210,111932,126703,141669,147881,148016
Marquette,MI,129799,128858,131928,137215,143805,150195,159103,182094,206980,215848,213367
North Wilkesboro,NC,119747,124250,129179,128700,131439,145933,158560,182983,209254,220463,213335
Mount Pleasant,MI,117575,124064,122806,129307,134334,145593,157969,178380,194065,197592,193016
Rio Grande City,TX,91466,98257,95198,93534,93328,93165,106824,123918,120509,107369,103265
Marion,OH,80258,83581,89573,93205,101055,110768,119321,139196,153268,159277,159910
Baraboo,WI,165911,173267,184760,194044,205648,217694,232499,261314,285674,300123,295947
Red Bluff,CA,163692,179444,190951,203881,219276,239867,262959,305195,329712,313943,310280
Marinette,WI,94143,97825,100953,103054,108733,113923,123472,146516,161314,171501,168407
Roswell,NM,103504,100793,103372,104234,109677,120854,132159,148072,154274,144853,136515
Shelton,WA,181045,190419,207356,233820,266250,289106,328550,409575,454697,440289,439816
Dublin,GA,86982,90226,94152,98578,104467,111861,121010,136260,149465,152572,150802
Nacogdoches,TX,131094,134162,137628,140548,142818,150457,161999,180441,200545,205309,201646
Somerset,KY,65648,72772,82054,89868,99758,112533,131796,147420,158620,159099,151740
Coos Bay,OR,160776,172353,189560,203627,217074,233569,252436,304063,343149,347301,340602
Forest City,NC,99827,102763,106330,113794,123419,136287,148207,174109,200562,202400,201409
Martinsville,VA,81234,80499,81608,81305,81079,79894,84990,98770,112737,121931,118824
Rexburg,ID,171700,177471,189721,202784,222392,244679,279334,368611,432807,407194,394607
Lewiston,ID,174059,182867,191892,203607,214857,228231,247694,300840,342195,344398,341669
Laconia,NH,202786,210330,216724,230579,247519,261185,285378,357340,420022,441233,447669
Georgetown,SC,197877,203140,214437,224664,236046,245634,259589,302880,359226,377985,383533
Athens,OH,103566,108973,110887,113916,120558,127594,135737,149623,161313,162122,158027
Sanford,NC,120251,122147,128561,136513,149349,158241,176958,207740,251088,272254,274358
Enid,OK,89956,95666,103172,105720,104319,104695,107146,115342,122535,126006,126174
Mount Vernon,OH,106280,124900,144431,155374,164986,172073,186749,216428,241362,250743,253646
Walla Walla,WA,192328,200579,213827,234230,258178,275260,298491,352584,399838,399951,394643
Albemarle,NC,122620,127317,134213,143223,154412,163168,181044,218705,259653,268181,271209
Hutchinson,KS,80060,86911,92075,92673,94463,96844,102058,112905,127063,132495,131631
Hudson,NY,216464,222569,227199,235442,246315,251794,274075,343167,397542,412668,410531
Starkville,MS,175327,169076,169935,176330,179477,185834,190090,204876,221878,225164,226447
Carlsbad,NM,166346,173219,177548,169951,165737,183773,204027,220884,215662,203259,198646
Gillette,WY,238430,246228,251998,248988,245416,248943,260370,277913,294006,309370,308910
Sturgis,MI,105565,110331,117450,125074,135253,143557,154054,175444,190512,190534,190932
Rutland,VT,174871,176288,176327,185568,193199,193994,205211,242646,276509,290906,288332
Crossville,TN,124651,132827,140516,145860,155821,168852,185096,226228,269646,281479,287462
Sayre,PA,147479,147077,140625,137244,140447,141799,150019,162900,176048,182677,183500
Salina,KS,104269,107169,108822,112371,116784,120553,128661,144170,158358,166207,163137
Marietta,OH,120010,126361,132093,135668,139592,144707,155363,171428,184049,181844,178415
Fergus Falls,MN,170830,179779,190852,201148,210000,224987,238068,275932,303554,310893,307141
Barre,VT,220126,225975,230173,239554,248118,254741,270398,312068,351556,371555,368987
Fremont,OH,99334,102527,104932,108305,114079,118806,125250,142895,154194,163341,166811
Oneonta,NY,123986,125342,128541,132601,136538,141939,150236,166585,184221,191901,193128
Columbus,MS,108140,123703,126065,124553,130682,136980,139816,154088,163907,158544,158780
Norwalk,OH,96770,101170,109715,115318,117245,123437,130719,146314,157895,161628,162446
Batavia,NY,107854,110773,114676,120017,125329,130819,142862,164925,182171,187401,189065
Ardmore,OK,91163,96676,99059,102529,106780,111220,121293,138460,162569,169637,169544
Palestine,TX,106335,108412,115441,118280,123274,130865,139239,161336,186186,198038,193945
Fort Madison,IA,81970,86769,91145,90974,92728,94431,99601,106130,111923,111879,109931
Charleston,IL,93630,93466,94389,92275,92791,99070,106280,111360,114951,120148,120752
Fernley,NV,155259,175177,202589,230467,266046,284376,305177,368014,409258,385168,385735
Carson City,NV,189080,213673,248589,278029,307600,331099,350816,422963,462841,448176,458108
Eagle Pass,TX,147986,158725,158810,158126,157138,149888,155848,172762,185695,189778,196026
Calhoun,GA,107110,113030,120665,130084,142082,153247,167250,199760,235302,247057,256227
Cullowhee,NC,200876,207059,210589,219467,233620,238969,254019,315031,366820,375906,377650
Kearney,NE,168097,178522,187753,190671,197147,205612,212869,231233,260240,268585,267789
Fairmont,WV,97810,106632,109088,111033,118271,121881,128927,143282,152772,155076,151323
Ontario,OR,129077,136286,145788,157153,173001,193901,225417,304310,355962,341638,337131
Gaffney,SC,108036,111760,117107,118363,122927,134229,145797,163031,173859,170142,161059
Picayune,MS,127407,145516,150373,152481,159352,161692,170222,181460,197900,202496,207281
Sterling,IL,92929,95472,96566,94710,91790,93780,102159,108550,115987,122380,121608
Branson,MO,124790,129489,133046,140133,146907,159404,170670,204702,246239,251956,249427
Cedar City,UT,162667,176927,195993,221804,242912,259351,280769,351949,412799,403026,401234
Waycross,GA,69298,70830,73337,76438,81727,88270,95380,111113,128770,134575,134082
Oxford,MS,182964,193687,208409,217518,224723,224465,229106,251748,275182,302877,318052
Jasper,IN,126362,130784,135830,142168,150597,157467,170061,188864,208631,213891,216693
Edwards,CO,539138,581231,623290,659941,696435,721807,755692,964739,1179988,1228759,1268426
Durango,CO,337605,357586,374043,394852,408457,419511,435691,506931,609375,627866,635661
Kinston,NC,69782,69666,71152,72774,77098,80517,86561,103290,125774,135193,132203
Sonora,CA,239116,255849,283718,293669,309872,317642,319262,376264,416955,402028,392792
Tiffin,OH,90095,95126,98263,102677,107678,110727,119214,138361,150650,152140,155132
Batesville,AR,99119,103249,106746,108827,112972,116764,124419,135415,146728,144550,137032
Point Pleasant,WV,88803,92818,95970,96274,98205,101841,110320,124169,137307,137999,138328
Elko,NV,224282,232227,236491,240578,245913,256571,269687,296555,322546,326650,329001
Danville,KY,101125,103304,108802,114979,121027,127938,138145,159925,180979,190635,190714
Glasgow,KY,89541,94747,100021,105816,112417,117050,131691,149675,167057,173634,172182
St. Marys,GA,139970,146152,152091,159444,168502,175630,189556,221777,259577,280330,285422
Boone,NC,236582,238775,244523,257539,268719,283146,307848,382295,458035,472749,478320
Warrensburg,MO,150293,155715,162543,172166,178966,189979,208159,238583,260977,265486,264986
Gloversville,NY,109102,110441,116108,123834,126966,130791,142045,166293,182688,186587,188855
Fort Leonard Wood,MO,141196,131418,125957,131604,135824,136099,142986,164676,183090,196575,202098
Poplar Bluff,MO,121871,119046,117903,116835,116304,118652,121988,133702,146141,152171,150667
Elizabeth City,NC,147070,146637,146092,147457,157787,159465,169056,195774,222149,232820,235243
Payson,AZ,172681,186110,194288,203297,219084,238367,257424,317961,370697,364420,374286
Athens,TN,111842,119273,125369,130211,137648,155901,168546,191781,219139,227863,229005
Enterprise,AL,130218,129349,130906,132211,135539,139064,148207,162693,177879,187105,187720
Ashland,OH,109369,116086,123742,129258,137471,143859,156887,181356,200332,208875,211778
Scottsboro,AL,101657,106063,112141,116738,118901,121211,133106,150294,171565,177297,174365
Milledgeville,GA,96233,102054,107704,106697,115995,122923,135762,158867,176634,178079,177665
Kerrville,TX,184479,193597,209701,225979,244192,256685,275000,323800,372579,368855,360268
Bartlesville,OK,101765,105282,107913,108146,111620,116867,121921,140155,157597,162967,162550
Platteville,WI,121460,123775,127186,132841,139257,147977,155268,173679,188722,198750,195450
Corsicana,TX,99089,102421,110140,118566,129905,138120,150004,177453,204575,211332,207193
Greenville,OH,139877,144973,129959,117397,122971,133543,143284,163565,180150,188706,191354
Rochelle,IL,131535,119855,111061,127320,141812,146939,153240,171075,188784,192821,194147
Douglas,GA,84021,86034,87375,89724,94031,98752,108633,124695,143964,146566,141491
Oil City,PA,81045,85009,86256,86020,86336,88083,96087,113027,124652,122940,120815
Mason City,IA,107458,112922,117298,122817,129902,137701,144468,161322,181751,184862,181622
Jacksonville,TX,108182,114056,118497,122668,124503,134036,152199,181175,206099,213846,210402
Galesburg,IL,79202,79048,79864,80595,81310,87717,92685,95227,94730,92264,95536
Pahrump,NV,132509,142128,152829,164724,191347,220695,243117,290269,339841,326032,322577
Paris,TX,113129,115827,119983,127629,135512,134508,146311,176893,201810,194442,188733
Winona,MN,150802,156567,164619,172302,176896,183664,193674,214663,236159,248327,248236
Newport,OR,209313,221473,240299,258119,280011,297498,323041,405253,467181,473339,467311
Morgan City,LA,113360,116832,117166,113958,109613,109636,112994,114371,114930,115711,113305
Shelbyville,TN,119008,128102,141573,158578,175784,197342,212454,248216,296379,302705,307839
Amsterdam,NY,99564,101225,103702,109340,115607,121157,131813,153929,171300,176848,180522
Ozark,AL,99933,99725,100901,100609,105337,110607,118945,129088,141251,150577,150509
Alice,TX,124669,127926,125430,118834,116498,121834,125766,124267,119086,112733,102617
Gardnerville Ranchos,NV,320941,347399,372588,404571,444557,480733,520950,637195,702187,657748,652640
Fort Polk South,LA,142305,143948,137689,133950,125625,134273,145037,143417,150384,148212,142998
Ca-on City,CO,141447,150476,170069,186677,204734,222173,244458,290400,329721,330067,324868
Natchez,MS,94012,101854,105477,103134,101431,106864,108792,122120,136026,116865,105537
New Castle,IN,77893,81375,85904,91036,97944,106281,116224,135383,153840,159424,159365
Clovis,NM,140713,139100,132958,131335,130094,140363,147857,149508,159857,160389,153848
Norfolk,NE,126133,134359,142534,151343,161426,169580,177136,195198,216367,222812,224134
Cadillac,MI,77710,81851,86134,92332,117074,140716,152364,171330,187488,191658,187569
Ruston,LA,146563,154710,163151,169274,173214,176754,183626,195768,205818,205756,202453
Sidney,OH,119436,124273,128317,133942,142720,150437,160987,182260,198898,203728,206834
Pullman,WA,192705,203483,211831,223437,238975,255054,281956,322410,361614,368497,364437
Malone,NY,98752,102593,103704,107381,112338,115836,123710,144038,162487,165397,159033
Del Rio,TX,115022,120748,125670,130445,134465,144592,157743,175508,192705,191483,193581
Blackfoot,ID,149822,153222,161986,172956,189866,210815,244193,317191,367286,345494,339296
Red Wing,MN,177873,187273,198452,209047,221181,235713,250212,276272,305608,311790,307486
Nogales,AZ,120165,130776,139793,145122,154514,167126,185250,225888,258013,261417,263547
Tahlequah,OK,109546,110957,113899,115684,115760,118523,132829,159463,182321,189972,187047
Kendallville,IN,111061,120188,125705,132985,141830,151077,161320,185938,208992,218120,218969
Montrose,CO,205863,219229,237930,254806,277316,296707,320021,380029,440433,446280,447212
Cortland,NY,111590,113412,118950,121879,127044,130057,137969,154128,169394,175815,176822
Mount Sterling,KY,86274,91981,98871,98638,103876,110416,120166,136321,152501,157859,154843
Clinton,IA,107031,111547,115089,116437,120451,126821,135065,144236,159870,162914,161112
Sandpoint,ID,237763,257555,280627,301722,327778,354141,404571,551765,650981,614440,611053
Bardstown,KY,119342,123502,128848,138431,148910,158500,172918,199640,224854,233700,235579
Wapakoneta,OH,118316,121652,127431,134064,141287,149102,159878,176881,194306,199175,202712
Plymouth,IN,128635,133678,138713,141671,149651,155730,168156,195056,217014,228622,233476
Lewistown,PA,93088,91752,98065,101830,107579,112584,119957,138301,151679,164113,163404
Bemidji,MN,155395,157529,163000,166607,171830,181701,193026,218027,243030,252908,253249
Bellefontaine,OH,121195,127718,133135,138079,145183,155041,176391,194468,206794,214610,219942
Seymour,IN,118195,124277,128633,133857,139591,147154,159224,178677,197867,206480,209375
Burley,ID,130114,135948,145512,159645,174741,188212,207639,263312,309324,314341,312312
Durant,OK,109406,111086,118704,121281,132145,140979,157220,184200,212301,218881,217965
Moultrie,GA,83111,83903,84583,85583,91159,97349,103221,117580,125685,122454,125341
Bogalusa,LA,96084,100822,104167,112300,115045,123683,130203,133585,138248,126780,118130
Cornelia,GA,112694,123192,130811,135918,149594,161185,179115,215896,253514,265373,272418
Hillsdale,MI,106444,110951,117562,125519,133899,142582,153167,174989,190721,188067,185953
Thomasville,GA,111541,115019,117273,119700,129411,136538,144891,164709,188412,195522,197426
Paragould,AR,104921,109274,116595,119975,123133,129680,138027,157259,174624,177610,176693
Burlington,IA,95254,100808,104576,104879,107776,110764,114763,120531,127554,128333,125489
Madisonville,KY,80339,82422,85323,86475,88075,94080,99440,110630,126168,133212,133254
Menomonie,WI,143475,153031,161136,170551,186650,196833,211547,242470,269044,281632,277683
Shawano,WI,120676,123507,127439,132350,142956,154262,164691,193005,206742,220976,223607
Vicksburg,MS,117252,140599,147547,146460,143255,144643,150493,168536,170455,164418,159946
Bedford,IN,97016,100424,101148,105949,116773,128172,141846,167402,185671,188589,190129
Washington,NC,116177,122821,131640,133660,139083,144994,156942,183939,213638,223840,225664
Freeport,IL,66696,73056,75742,77250,84052,90832,95106,111064,124843,129674,130507
Harrison,AR,110781,116848,121745,125956,129502,136300,145327,167789,193669,203301,206979
Rolla,MO,118976,120693,122615,127792,130197,135649,143671,165468,187190,191135,191757
Coldwater,MI,113366,116690,122252,127682,137322,149366,152567,173050,184126,186194,182621
Marion,NC,121551,126376,135241,141672,152343,168137,178487,213111,234404,241830,241308
Huntingdon,PA,104986,113071,119389,119078,123504,128355,139227,158674,168081,170286,170304
Ellensburg,WA,226565,240687,260509,283662,318574,339353,371885,450256,513171,506639,492890
Ponca City,OK,61954,65246,69209,64773,68675,72284,76602,88730,99074,99363,96649
Lawrenceburg,TN,101595,106953,114655,124662,131087,147253,161556,189992,222129,225014,218742
McAlester,OK,85627,85454,87034,85421,90356,93868,104221,116098,128435,132338,132504
Mount Pleasant,TX,109363,114350,122128,129227,136737,146144,157546,188037,212448,214328,212380
Willmar,MN,155766,159441,162657,164721,172113,183644,196109,220826,245076,251077,249586
Rockingham,NC,70078,68808,72393,75845,79640,84868,92362,100290,115725,122794,117435
Muscatine,IA,119411,125883,133627,135961,141027,145790,151939,167174,181713,184729,182784
Lewisburg,PA,168245,174765,176096,185420,189239,196170,209483,228867,249817,259274,260128
Auburn,IN,116462,122923,129806,135802,145648,153882,164989,186676,207042,216331,219992
Duncan,OK,82406,85364,81907,79304,82786,85126,85653,98817,114479,120615,123930
Sedalia,MO,74977,81490,84846,86693,95609,108523,118480,135174,154115,160783,164106
Cedartown,GA,76110,83149,87097,93432,105571,113716,127961,158132,190601,198652,202789
Henderson,NC,83565,88154,89226,92856,100542,111630,123232,147167,160765,168718,165420
Aberdeen,SD,144182,142861,146786,151547,156621,164421,174353,191672,209746,213173,211391
Rock Springs,WY,206272,216996,218439,215488,217228,222679,229474,238213,253874,265460,265705
Garden City,KS,132180,139311,144379,149282,155256,163250,175034,195093,217207,223904,221269
Stephenville,TX,145426,153226,161261,165750,176382,187287,202663,241106,284262,295885,295019
Celina,OH,149422,153067,144715,146850,156437,165989,179610,203223,221542,233762,234568
Wilmington,OH,104244,114659,124835,133430,141134,148923,164141,192103,212100,217226,219379
Bucyrus,OH,74188,75257,76834,77457,82767,90424,100346,117401,130146,135287,133528
Alma,MI,101256,101590,107981,113040,118451,120234,132713,153132,161057,163170,153232
El Campo,TX,115880,126701,137096,141401,147507,160969,172774,185793,201692,195543,187345
Mountain Home,AR,130149,133254,137275,141090,145407,152267,160260,183541,207201,212223,211085
Gainesville,TX,138679,148938,160885,175357,192850,208105,226086,260031,300523,296085,294239
Tifton,GA,114389,115689,118855,119729,126301,133828,142753,156883,174338,181771,180090
Blytheville,AR,59303,53787,57200,58496,68304,69821,91933,105961,95081,84052,88293
McMinnville,TN,98920,102480,110522,120034,129307,146351,163887,192353,225620,231400,236427
Astoria,OR,234676,250102,274529,297972,318875,338118,364818,440652,512784,517823,506800
Bradford,PA,82579,85707,86690,85875,86331,87441,90418,100518,102266,103826,101129
Espa-ola,NM,193697,189731,198447,202998,211594,222537,240414,279614,293663,292482,295515
McComb,MS,87783,90643,90957,94048,96903,101452,102866,110663,112597,106347,94496
Big Stone Gap,VA,85543,82504,79068,81248,85495,81926,86250,99679,111483,114697,112417
Marshalltown,IA,88922,90715,94812,100018,109258,118976,123532,136961,149983,153185,153200
Big Rapids,MI,107703,110787,120504,128354,135166,142456,156626,180124,197918,201440,197317
Austin,MN,92976,94809,100694,106614,116261,125044,134053,155676,173391,176337,178297
Selinsgrove,PA,213156,165826,161485,168227,167427,172262,183507,202975,209535,209856,199569
West Plains,MO,99236,103915,111187,113501,116327,121979,130966,158173,187577,196995,196874
Okeechobee,FL,92567,102400,114346,126161,143044,156616,168356,199500,243661,259634,266338
Houghton,MI,108136,108210,111412,114463,120680,120664,124414,137297,151378,154694,149806
Moscow,ID,231615,237711,242372,248310,264682,290266,318740,380414,433961,434728,432048
Clewiston,FL,84038,94212,108700,122281,136446,148776,161726,195044,242224,265775,275408
Riverton,WY,199230,206526,206306,200481,198623,209206,217772,247580,292025,304640,305431
El Dorado,AR,87239,89254,91096,94382,97025,102242,111026,120132,119770,117940,114104
Selma,AL,75982,77471,79635,74843,74581,72439,75353,79153,78936,77567,73238
Pittsburg,KS,76959,78684,79221,77704,77382,80800,87309,99011,111825,117891,116867
Hannibal,MO,103901,114348,116540,115701,119689,123228,132247,150896,170186,174251,176486
Warren,PA,88424,94376,92976,84108,87919,92222,101002,116185,128531,132904,136841
Alexandria,MN,181927,192847,204124,213257,223800,235868,250850,280094,309388,318691,318619
Urbana,OH,123278,125530,129626,134146,145573,155122,167579,189993,211662,219186,220904
Greenwood,MS,61183,68343,72984,75514,76442,87478,93975,109781,115101,103478,91159
Cambridge,OH,85817,94160,97162,95932,94755,101361,111965,128184,137145,140352,139878
Williston,ND,305260,334936,300271,279639,264564,283632,300474,309821,317891,310869,300511
Defiance,OH,103188,104617,109396,112438,119656,125265,132550,148637,159832,163584,165853
Sikeston,MO,117394,107671,109506,116744,122926,122997,129316,138207,146039,144165,139692
Safford,AZ,150108,157622,160530,165359,171465,187223,207779,235218,256968,263174,263026
Jacksonville,IL,97714,98996,102852,100425,99523,102401,106307,106905,108002,111382,113642
Ada,OK,101677,106500,108183,106439,114117,114274,125066,143624,166814,170768,165937
Brownwood,TX,113420,117086,118158,118803,126406,134721,145051,164768,184988,182446,177582
Crawfordsville,IN,104817,110607,115475,121942,129210,138361,148643,170985,193993,196539,196970
Logansport,IN,73170,75052,78982,82570,89519,96373,105598,123200,136254,142893,146582
Scottsbluff,NE,114303,118488,121424,123436,127772,133125,138896,153133,167377,174469,176766
Natchitoches,LA,162151,165087,159113,159458,160891,166177,174527,180475,183515,176157,162995
Newberry,SC,131464,137577,144078,144575,148212,157577,184289,210694,228639,220428,214706
Lock Haven,PA,125272,128101,131033,135487,138780,143406,149056,164008,179760,178336,178628
Centralia,IL,53377,70454,76282,75542,74567,71112,79950,87179,94318,97338,95977
Easton,MD,300072,307233,313321,321327,330058,337526,352486,408674,444876,456676,462204
Owatonna,MN,147224,152043,160641,171394,181719,192041,204710,237138,261294,267610,269285
Mount Vernon,IL,155089,165672,135177,101905,94787,96896,102838,101869,109074,111874,111907
Laramie,WY,219140,227755,235572,242181,244831,256616,273786,305661,342834,353560,348338
Murray,KY,38476,38562,39844,44345,52262,54588,68952,81472,92929,92710,84775
Fremont,NE,108495,114958,121118,130750,147316,154655,162967,186132,209571,217884,219384
Bennington,VT,217598,220553,216806,225724,233831,237609,248819,297246,342502,360765,355169
Sault Ste. Marie,MI,118426,116679,109492,101793,105986,123203,134699,145924,157352,163114,154063
Campbellsville,KY,94152,96547,102294,107260,111837,111882,120831,141479,162790,168017,168964
Dyersburg,TN,94820,99099,104542,105176,113046,121000,128561,138222,147575,151713,153221
Escanaba,MI,103694,106664,107265,108722,113246,117370,125300,141253,152985,162858,158777
Mayfield,KY,67866,71715,73493,76338,84634,90315,100706,113901,133107,138752,136821
Kill Devil Hills,NC,310409,314579,323445,336722,349816,360553,374928,463230,563505,584934,589187
Sulphur Springs,TX,135077,138493,151054,160684,165727,176309,198263,232936,260576,260787,246571
Hutchinson,MN,145230,155982,165898,176963,186188,196203,208425,237593,263490,272437,272135
Coshocton,OH,85548,89842,93844,95760,100279,109359,117452,134034,150073,155201,154160
Huntington,IN,97426,101560,106923,110221,117434,124141,132261,151363,167895,178535,180870
DeRidder,LA,153811,172817,177396,174047,178214,193050,202486,188871,176868,163520,159135
Vincennes,IN,80257,83613,85891,85289,87359,94639,101755,115040,128728,133586,136788
Bay City,TX,138129,145516,155350,160495,170828,168326,176957,192171,208874,202364,198154
North Platte,NE,125719,130927,138777,144079,147620,153754,157638,168423,188182,194577,193922
Peru,IN,69848,75530,80019,82132,88534,96998,104837,122084,133124,136284,135615
Pontiac,IL,94705,92080,94193,92862,96690,102916,107243,116794,127768,133247,135281
Lebanon,MO,112165,119928,122269,126790,130982,140403,152941,173705,199931,208442,208097
Newport,TN,107517,110962,118577,129053,133565,148495,162294,182572,205964,205972,204215
Decatur,IN,113106,117429,123064,128948,136905,146181,155082,171736,193096,205468,209327
Vidalia,GA,85973,88484,90724,97734,103562,110638,117487,134806,149030,152254,155798
Brenham,TX,183352,197972,211390,220073,230595,242784,259094,296978,339669,332231,328525
Vernal,UT,206290,216520,201838,175320,178866,200692,222679,239497,281847,309362,313620
Ottumwa,IA,73611,83476,88157,78344,81778,83237,86497,95427,108308,113026,114934
Butte,MT,109461,113157,121767,129649,141322,151409,164579,204424,249301,263135,264390
Corinth,MS,101155,104637,109151,113303,115257,118803,123605,141126,151895,143599,140853
Brookhaven,MS,109870,121191,136232,144020,147331,153996,165609,176693,186251,170846,168857
Emporia,KS,90669,92854,94299,97891,102434,109686,119144,136553,149423,153995,155775
Jackson,WY,538137,609264,665316,712017,761184,798037,844619,1098767,1344688,1399434,1445736
Big Spring,TX,117653,132781,126320,115735,125338,140933,152420,151585,146496,136366,137089
Effingham,IL,127742,132061,134840,141668,146742,153791,160876,174014,196544,198518,194563
Dodge City,KS,93256,101763,104921,110309,116422,121956,127594,147652,165371,183661,190518
Watertown,SD,183588,194431,207493,214172,217728,225573,237669,269650,308074,318129,313838
Angola,IN,155911,161509,167853,178726,188789,197917,212917,252975,282856,290651,287380
Dixon,IL,72989,68889,83345,105374,118057,119724,124140,139825,149206,150197,151389
Laurinburg,NC,71972,70948,74016,75128,76176,77761,83488,99900,120337,130979,130534
Taos,NM,268742,280693,300413,306583,320248,328703,356428,414546,452828,449532,417768
Brookings,SD,169260,176810,184847,191611,198808,206027,217693,243755,270501,278127,276121
Americus,GA,78209,78042,77068,73683,78189,81654,87535,102379,117680,119792,122399
Columbus,NE,141048,146399,152911,165827,176162,187287,198459,225936,247909,256831,258548
Taylorville,IL,80434,80598,84003,82785,85468,88837,91105,95148,99846,103917,105937
Arcadia,FL,88966,99435,114477,129653,140892,151426,161761,194425,250327,252108,251048
Lewisburg,TN,114819,127762,142541,161700,187128,204869,224463,269110,314644,312769,309323
Seneca Falls,NY,108178,109301,112995,118758,123559,127048,134974,158187,176015,183302,183970
Dickinson,ND,258661,281743,268875,259551,247134,248492,254814,258366,269006,273709,270931
Washington,IN,115920,117753,122831,130104,137641,145894,157826,181368,199969,208178,208986
Troy,AL,122610,124905,128069,126391,124934,131287,137474,146952,159649,159161,155334
Malvern,AR,91953,97610,105386,109882,110985,112827,122793,136849,146630,147825,147715
Frankfort,IN,92068,97355,100753,103419,109966,120701,133239,155094,176348,184363,186401
Madison,IN,99315,108658,113079,125502,133186,140011,151158,171833,194567,205165,205226
Brevard,NC,194442,200351,210957,227665,247670,255521,280364,347231,408780,430327,436159
Susanville,CA,127123,132615,148870,162806,175783,185113,196326,225366,233679,233311,224824
Martin,TN,94711,95830,98390,101915,104399,111866,120033,135564,155934,163125,163339
Plainview,TX,85582,85050,87227,88794,92411,97027,105635,112442,122804,116970,110246
Dayton,TN,107333,118610,126185,133581,140178,157336,169965,198481,228338,230065,229968
Jackson,OH,69954,69912,74663,76765,81070,84101,92680,106746,113570,116274,115991
Cambridge,MD,143096,147688,151117,155872,168485,176684,190461,220028,241319,249287,250490
Paris,TN,102387,103759,110297,115134,118198,126862,136552,153927,180191,184495,184807
Juneau,AK,351797,371675,382127,390002,399770,403067,410426,440496,472256,469286,472964
Coffeyville,KS,66354,63825,59319,57893,58777,60565,64125,73521,83872,82672,78370
Las Vegas,NM,147122,147996,148435,154254,162211,168317,178231,201911,212210,205924,203558
Berlin,NH,108460,109160,111836,119905,129574,134066,147725,182248,220919,232432,231257
Cleveland,MS,142417,139150,141390,139344,146809,156447,160372,153854,144770,131695,123313
Hastings,NE,111470,115932,121727,125919,134508,141994,154458,169628,183303,189673,189148
Beeville,TX,117270,123702,123000,125996,134268,146976,157216,165713,170445,152775,142179
Kingsville,TX,100145,102832,106018,105363,107928,114506,124092,136331,141317,136076,131384
Wabash,IN,92713,96638,99033,104554,111647,118174,126670,142815,156212,164512,165904
Breckenridge,CO,432425,461854,510911,583839,646652,694981,728502,888142,1071054,992411,967994
Albert Lea,MN,86986,90625,97835,105078,112266,121299,129233,147464,162530,171923,169462
Sheridan,WY,240624,256307,260183,264784,276909,293600,312948,357626,406156,413737,402433
Union City,TN,84892,86102,89879,92665,94647,99258,105211,118040,134570,141941,138270
Miami,OK,70442,68867,68919,73876,78466,80101,84805,99848,111626,114863,114713
Iron Mountain,MI,97033,100208,99448,103232,114603,120037,131805,138399,147027,157133,154338
Jesup,GA,106551,108955,110147,111574,118560,128140,140608,159417,179451,182674,183159
McPherson,KS,129195,135814,139951,142740,149003,156296,166552,179313,193687,198880,196851
Kirksville,MO,117181,119567,121787,123218,126437,131969,141107,159969,167061,168948,168108
Ludington,MI,142836,149567,158086,157371,155372,158318,171868,211858,233892,235498,227548
Bainbridge,GA,91218,92168,91914,89412,92566,100328,109039,125852,143659,153156,154594
Alpena,MI,106965,104910,108525,110248,118471,113806,122458,137288,154119,163398,159761
Washington Court House,OH,111633,113645,120360,128437,136583,144583,159516,178621,197719,202767,206724
Hays,KS,151616,162433,166948,165633,166557,171658,182506,198031,217931,220496,217890
Fort Morgan,CO,148084,160871,177008,198984,223339,245561,268065,308093,346669,336844,334213
Van Wert,OH,87113,86622,93467,97054,102892,107650,117029,135284,149379,155958,161371
Kennett,MO,74729,73254,77027,79176,80531,82184,82378,90013,90312,81978,74232
Weatherford,OK,102296,112234,115404,112969,116506,121412,124639,131431,141088,150910,153507
Mountain Home,ID,121644,125366,132722,144029,164132,188789,226011,303441,339856,329689,333414
Mineral Wells,TX,126250,128865,133130,137308,146613,159808,176898,218674,252245,248618,239343
Lincoln,IL,100952,102115,104441,100399,101971,106834,114123,114553,116189,121028,120353
Silver City,NM,126274,123879,124646,130102,137508,138474,146502,167356,186591,192739,185420
Elkins,WV,92907,100908,107706,113215,119517,112733,115316,129330,142131,143638,143508
Macomb,IL,81141,82810,81993,77597,74019,76565,80319,83154,87828,88897,88866
Camden,AR,68162,70103,73511,74094,77134,79976,85708,93430,95033,97231,92211
Crescent City,CA,186766,197295,211629,233530,252970,262973,284633,320315,346967,349576,345961
North Vernon,IN,105846,109760,113662,115519,121645,130339,142665,165662,186896,195710,197080
Thomaston,GA,65450,67136,70311,71486,79138,89388,101676,124960,150595,162736,163435
Grants,NM,120391,116189,108291,99240,106625,113269,123313,142739,158846,161285,160628
Bennettsville,SC,65888,67957,72072,70498,83057,77589,81478,88752,99752,89168,80394
Fredericksburg,TX,257298,273926,300966,335147,368105,362110,387224,471347,548338,529854,527106
Toccoa,GA,82235,83675,87819,93332,104520,117728,131890,161993,193369,201292,205222
The Dalles,OR,167825,176485,194114,216082,243937,266299,291784,351406,390515,383989,378679
Greensburg,IN,122258,126568,132070,137893,142986,153254,166765,190372,213201,217112,219565
Indianola,MS,68529,88586,91905,90441,91304,94564,102203,117217,114153,101735,97284
La Grande,OR,159458,163737,173297,182892,194267,202998,219047,260874,292882,299706,296988
Ottawa,KS,100591,109376,120019,127355,136688,145007,159955,186819,209971,217059,218343
New Ulm,MN,133033,135614,141644,146618,155129,162744,168885,186184,204899,208090,208183
Lexington,NE,105584,113743,120591,124841,130890,138429,145380,162831,180513,187185,185662
Great Bend,KS,70608,76679,78534,76441,76373,76582,77789,85861,96065,100569,103765
Spearfish,SD,214947,226026,236167,246466,258189,269206,288141,343856,402545,406670,409847
Wauchula,FL,81442,88186,98156,104713,115716,123506,134498,161747,194606,203514,210997
Marshall,MN,150553,154389,159548,161040,164521,163477,169115,184949,200337,206057,199475
Deming,NM,125632,114547,103412,101514,107993,111094,117918,131185,141670,135279,134158
Mexico,MO,89736,92672,94090,95374,100342,109097,118894,133988,148258,154684,154827
Fallon,NV,147362,162756,180678,201113,228952,251486,267778,323962,363323,351363,354923
Altus,OK,70540,69085,70633,69729,71321,75947,75589,86949,96497,97673,100171
Uvalde,TX,128825,140803,147134,144901,142097,147396,155101,171570,182139,178568,171539
Hailey,ID,397037,424038,445311,474426,510727,530949,592998,781683,948739,909566,923418
Steamboat Springs,CO,407863,429077,467607,506632,541462,578052,621903,808220,1002173,1011560,1041299
Summerville,GA,79325,82024,84663,85270,90212,101890,111159,135625,156272,156736,155405
Moberly,MO,90107,89236,91440,98573,102345,109147,117923,134960,148700,154045,156137
Middlesborough,KY,69980,71612,72142,67400,69527,74466,78459,78678,83472,80284,71386
Woodward,OK,103844,109282,105223,100446,102906,108286,108786,113736,117871,122446,118013
Prineville,OR,174312,192200,219655,250817,278347,298258,325589,403855,459124,445484,440195
Hood River,OR,323399,345787,374692,417951,452734,470215,501795,603478,673838,669955,663802
Forrest City,AR,59405,59629,62867,64767,65234,69469,72290,72698,72688,72618,68854
Connersville,IN,74670,71639,69541,70626,79383,86178,95675,110326,128696,135918,137680
Mitchell,SD,145654,147391,153468,163965,167492,171067,179130,200947,227879,236810,235655
Marshall,MO,125022,125398,128261,127105,133490,134524,144501,146841,148211,159153,152075
Brookings,OR,241722,253377,276006,298888,317209,337024,363484,425628,475599,471972,461185
Yankton,SD,168422,178708,185260,190169,198467,201374,209490,230945,257998,257615,248846
Wahpeton,ND,120684,128568,139197,143204,149407,156086,165807,180404,198505,195814,191256
Magnolia,AR,99017,101462,109794,112577,117525,119373,124892,134647,136234,131303,121589
Elk City,OK,128531,135676,127390,120069,118463,113956,115837,119986,128280,131582,133785
Liberal,KS,93096,103159,107886,107589,106897,112212,119187,134449,147963,140642,135414
Worthington,MN,123324,126673,134919,141990,144781,151607,161053,184352,204766,211733,204093
Oskaloosa,IA,99882,103287,110026,113587,118678,123652,131105,147515,164407,169375,168716
Pampa,TX,72902,76238,73721,69260,66472,71112,72430,78295,80333,82436,81829
Clarksdale,MS,43572,45720,43641,42561,43674,47216,53180,67006,61783,50622,45774
Sterling,CO,123235,131238,142913,151763,165290,177924,192904,220380,250395,251496,247215
Beatrice,NE,95702,99357,103311,111608,120891,124638,132193,147323,166517,171730,170848
Jamestown,ND,160290,182947,192778,187695,185449,186148,191883,197870,210659,202438,193489
Levelland,TX,108370,111945,115112,117789,123877,132482,139433,147503,153174,150225,149415
Grenada,MS,72523,83125,89180,88287,88887,97488,103903,119052,123758,116515,116181
Maryville,MO,124355,127629,125287,128360,135232,145397,154417,172175,199331,203723,200459
Arkadelphia,AR,90930,93646,98367,99739,102835,106018,111039,125851,135606,142852,140204
Dumas,TX,119226,117627,123286,132877,151604,146158,153822,163243,171493,166632,164731
Guymon,OK,100732,104607,103735,104396,109989,112561,118848,135493,156990,150947,145838
Borger,TX,78483,79200,83065,81457,84367,88260,89211,97377,101209,95815,93510
Pierre,SD,180689,185483,191719,198567,204386,209595,218376,247331,276808,277151,271307
Huron,SD,141746,144910,150771,156699,159087,162790,170023,193813,214238,206645,188326
Storm Lake,IA,107436,109146,113448,116758,123951,132195,140068,154061,173328,180061,181298
Cordele,GA,74301,75031,76289,77996,81310,84890,91548,104154,120225,123720,122149
Evanston,WY,176595,180145,185036,186755,190552,198580,210566,244839,288535,301300,297661
Raymondville,TX,79966,82905,85875,87088,97127,107770,119094,130595,122496,106201,98644
Port Lavaca,TX,127419,133884,137958,142169,148725,159116,166272,182090,197314,195106,185753
Othello,WA,133677,139241,145311,155978,170765,185263,206501,248697,282528,290520,290625
Vineyard Haven,MA,666026,690419,734395,784287,842673,888487,943348,1166905,1416829,1440931,1466884
Parsons,KS,66883,70783,63530,55253,57456,60155,64133,75190,84151,81835,78693
Price,UT,129198,127515,129557,132542,135638,150560,162114,195611,234982,248580,249189
Portales,NM,131385,140170,122910,118696,123514,128548,135565,134666,138723,138743,137484
Los Alamos,NM,248726,247272,259847,292673,329471,355138,404234,456507,493913,513852,536628
Hereford,TX,78835,78032,80487,84236,93262,102649,122230,144818,152362,151842,153369
Andrews,TX,138868,149146,161026,164190,170166,188164,206186,219286,223052,210160,210202
Spirit Lake,IA,222468,227789,235690,238356,246501,260377,275268,299302,345246,359062,362963
Fitzgerald,GA,60711,59132,61240,61078,65495,68633,74052,89346,109604,108080,107841
Winnemucca,NV,176270,173970,183555,190532,199328,209855,225765,262955,291153,296797,300832
Maysville,KY,79252,82395,83505,84105,89217,94174,100129,117446,135227,139747,138854
Snyder,TX,99546,105650,104967,101076,101982,106363,111694,120801,122434,117125,112368
Helena,AR,48633,49683,51957,55013,55981,54725,56822,54645,51670,46639,43948
Spencer,IA,112147,116886,122527,126336,129008,134208,140331,154294,172564,177171,175226
Atchison,KS,75830,80109,85853,88336,92924,99126,110221,131092,152717,149938,149850
Fairfield,IA,113689,117063,122250,124825,130385,133633,140060,154583,174642,170557,170203
Vermillion,SD,129982,134261,139240,147158,156991,165011,177012,198918,224373,235920,235300
Sweetwater,TX,95719,102315,105606,103810,103941,109574,113599,120355,120581,110789,101784
Pecos,TX,123488,125092,134341,132347,149144,169009,195835,217169,224933,165533,145172
Zapata,TX,103351,107795,107930,113224,114638,119435,128080,139111,137278,119349,108358
Ketchikan,AK,254184,268618,278640,287025,304212,324276,344258,368896,391994,388390,375909
Craig,CO,155559,156684,158803,162708,169899,180380,194530,219458,254478,276521,277276
Vernon,TX,67850,66962,66663,67127,70610,75248,81507,86875,95918,91386,85823
Lamesa,TX,68181,72209,76035,75334,76942,82307,91559,98232,94129,83427,74886
